{"W1": [[-1.1508555361290815, -0.08005708207155204, -0.25807024130706396, -2.943983659238457, -0.10322706443888434, -4.463268686023193, -1.8622047512928228, -1.8268215592485284, -2.0570329089800015, 0.915945366992717, 8.46015526554342, 0.0012882563180607659, -1.8300403486989694, -0.33119943207089547, 4.156259337259126, -0.7264109215642481], [-3.018606098378659, 0.03990906758213584, 0.1322972764590251, -8.154133372454183, 0.025963492678317962, -11.055035161807382, -4.829122107201329, -4.307372076613007, -5.1856986089975425, 1.7336855177365547, 16.047917521560024, 0.03317881856944341, -4.606552714114864, -0.8395054419192053, 8.540917748825901, -1.7370607698290021], [0.3722109783285253, -0.042037087182596584, 0.05106612306342378, 0.7195677256354304, -0.16356767532215413, 1.0622045135497618, 0.416656509140722, 0.24089132534135335, 0.5115181673347468, -0.25141369102718447, -1.2302233011835648, -0.02215220463224843, 0.3113426916967782, 0.1758239394234143, -0.8279973585644346, 0.25689416819343863]], "W2": [[3.2508042921227047], [-0.02466764701796113], [-0.04758287730920929], [8.695592454087983], [0.005337370448676848], [11.966999344140332], [5.192626503925101], [4.67871495329416], [5.600356419726566], [1.9748963312428922], [18.178609448275566], [-0.21577833849249417], [4.9649973516016255], [0.9153201281325785], [9.531336972198988], [1.8979854722739617]], "user_to_idx": {"U001": 0, "U002": 1, "U003": 2, "U004": 3, "U005": 4, "U006": 5, "U007": 6, "U008": 7, "U009": 8, "U010": 9, "U011": 10, "U012": 11, "U013": 12, "U014": 13, "U015": 14, "U016": 15, "U017": 16, "U018": 17, "U019": 18, "U020": 19, "U021": 20, "U022": 21, "U023": 22, "U024": 23, "U025": 24, "U026": 25, "U027": 26, "U028": 27, "U029": 28, "U030": 29, "U031": 30, "U032": 31, "U033": 32, "U034": 33, "U035": 34, "U036": 35, "U037": 36, "U038": 37, "U039": 38, "U040": 39, "U041": 40, "U042": 41, "U043": 42, "U044": 43, "U045": 44, "U046": 45, "U047": 46, "U048": 47, "U049": 48, "U050": 49, "U051": 50, "U052": 51, "U053": 52, "U054": 53, "U055": 54, "U056": 55, "U057": 56, "U058": 57, "U059": 58, "U060": 59, "U061": 60, "U062": 61, "U063": 62, "U064": 63, "U065": 64, "U066": 65, "U067": 66, "U068": 67, "U069": 68, "U070": 69, "U071": 70, "U072": 71, "U073": 72, "U074": 73, "U075": 74, "U076": 75, "U077": 76, "U078": 77, "U079": 78, "U080": 79, "U081": 80, "U082": 81, "U083": 82, "U084": 83, "U085": 84, "U086": 85, "U087": 86, "U088": 87}}